env_package	microbial_biomass	count
		22336634
host-associated		77039
human-gut		60830
water		21327
miscellaneous natural or artificial environment		16433
soil		16174
human-skin		14771
built environment		14600
human-oral		11917
		9520
sediment		7590
human-associated		7148
plant-associated		3623
microbial mat_biofilm		3111
wastewater_sludge		1289
human-vaginal		1124
air		472
	not applicable	414
	not collected	300
	521.6611	46
	713.4766	46
	NA	44
	585.547	42
	200.6552	40
	145.8445	39
	288.5224	39
	287.4801	38
	499.8669	37
	380.7016	36
	541.133	32
	374.6596	31
	72.73348	31
	120.019	29
	226.7736	29
	missing	28
	186.1443	28
	331.3239	27
	160.9177	27
	216.6706	23
	na	19
	106 mg C per kg soil	8
	81 mg C per kg soil	8
	67 mg C per kg soil	8
	281.09	5
	386	5
	696.14	5
	426.55	5
	821.3	5
	298.08	5
	731.51	5
	651.48	5
	387.9	5
	403.65	5
	839.87	5
	343.42	5
	761.95	5
	784.99	5
	68.06298	5
	276.68	5
	593.45	5
	712.08	5
	258.82	5
	444.66	5
	448.6	5
	112.59	5
	.	5
	17.09	5
	515.81	5
	0	4
	49.93002	4
	76.50096	3
soil	435	3
soil	425	3
soil	42 mg C L-1	3
	7.4469	3
	39.38108	3
	5.1306	3
soil	468	3
	4.8006	3
	77.49857	3
	4.8063	3
soil	390	3
	24.77976	3
	45.13388	3
	69.11056	3
	49.41648	3
soil	488	3
	47.65802	3
	3.04688	3
	48.323	3
soil	820	3
	71.47296	3
	44.90343	3
	23.1504	3
soil	665	3
soil	704	3
soil	Missing: Not provided	3
	4x10^8	3
	27.02177	3
	72.26748	3
	39.49496	3
	69.89772	3
	13.2778	3
	11.25588	3
	2.45462	3
soil	25 mg C L-1	3
	58.77548	3
	5.74142	3
	1.93*10^6	3
	57.10875	3
soil	1230	3
	62.4456	3
	12.94106	3
	1.03635	3
	11.1578	3
	9.62643	3
	3.44322	3
	1180 mg C/kg soil	3
	40.22772	3
	11.82896	3
soil	187	3
	53.93232	3
	20.24067	3
	2.530939409	2
	443.22 mg C / kg dry soil	2
	2.147170176	2
	2.14753503	2
	2.506723983	2
	2.462686117	2
	2.51300023	2
	2.512141121	2
	2.162388054	2
	2.47218535	2
	2.534157691	2
	2.477058724	2
	2.147743163	2
	2.272484918	2
	2.13703456	2
	2.106898944	2
	2.624333277	2
	2.61617744	2
	2.088794341	2
	2.094591087	2
	2.097074902	2
	2.611904224	2
	2.609845026	2
	2.100327044	2
	2.599367679	2
	2.102104194	2
	2.585483304	2
	2.581513086	2
	2.136990355	2
	2.107725593	2
	2.572461583	2
	2.567439254	2
	444.07 mg C / kg dry soil	2
	2.110056204	2
	2.121931914	2
	2.566166913	2
	2.130367877	2
	2.133348912	2
	2.563899856	2
	2.543537158	2
	2.455573192	2
	2.423490602	2
	2.451184547	2
	2.327699775	2
	2.203697932	2
	2.325407492	2
	2.323351545	2
	2.319434376	2
	2.207896544	2
	2.216301	2
	2.313342159	2
	2.310567319	2
	2.218105645	2
	2.307670273	2
	2.218597258	2
	2.220712483	2
	2.300621316	2
	2.221075204	2
	2.086728689	2
	2.228188015	2
	2.245964975	2
	2.258085942	2
	2.260840273	2
	2.262533638	2
	2.269570375	2
	2.32597999	2
	2.193565178	2
	2.44877617	2
	2.329093571	2
	2.439721536	2
	2.437703178	2
	2.433331676	2
	2.271825381	2
	2.41410249	2
	2.168119441	2
	2.403139807	2
	2.387401485	2
	2.387084653	2
	2.37952463	2
	2.379226339	2
	2.170325696	2
	2.176363345	2
	2.378739908	2
	2.365679634	2
	2.188137885	2
	2.362968555	2
	2.191500716	2
	2.36114831	2
	2.341675823	2
	2.335675602	2
	2.224219029	2
	497.25 mg C / kg dry soil	2
	2.075512756	2
	1245.75 mg C / kg dry soil	2
	5.874495598	2
	12.41244193	2
	5.863841194	2
	5.82893796	2
	5.822286715	2
	5.82016318	2
	5.809965978	2
	5.778479347	2
	5.77375682	2
	5.673392545	2
	1241.85 mg C / kg dry soil	2
	1242.22 mg C / kg dry soil	2
	5.656981767	2
	2.074515713	2
	5.6310933	2
	5.60481838	2
	5.596762732	2
	5.562056379	2
	5.547261196	2
	5.503263881	2
	5.50000157	2
	5.499663802	2
	13.90518661	2
	5.493078395	2
	1308.88 mg C / kg dry soil	2
	5.484197788	2
	5.888345429	2
	5.96*10^5	2
	1195.47 mg C / kg dry soil	2
	1188.12 mg C / kg dry soil	2
	510.78 mg C / kg dry soil	2
	1.978959561	2
	1.987514898	2
	1.993286182	2
	1.996651857	2
	10.20968363	2
	10.24775	2
	10.34006818	2
	1002.24 mg C / kg dry soil	2
	1028.65 mg C / kg dry soil	2
	509.84 mg C / kg dry soil	2
	1079.53 mg C / kg dry soil	2
	1085.16 mg C / kg dry soil	2
	1096.25 mg C / kg dry soil	2
	11.04407315	2
	11.10903504	2
	11.29517949	2
	505.23 mg C / kg dry soil	2
	502.77 mg C / kg dry soil	2
	11.56852071	2
	11.94158333	2
	5.986559306	2
	1132.46 mg C / kg dry soil	2
	5.985921426	2
	5.966317179	2
	5.479009605	2
	5.447675325	2
	1359.86 mg C / kg dry soil	2
	164.76 mg C / kg dry soil	2
	171.85 mg C / kg dry soil	2
	1747.94 mg C / kg dry soil	2
	486.68 mg C / kg dry soil	2
	178.21 mg C / kg dry soil	2
	485.88 mg C / kg dry soil	2
	484.13 mg C / kg dry soil	2
	482.43 mg C / kg dry soil	2
	18.3455545	2
	473.3 mg C / kg dry soil	2
	472.96 mg C / kg dry soil	2
	467.1 mg C / kg dry soil	2
	461.23 mg C / kg dry soil	2
	460.72 mg C / kg dry soil	2
	45.66 (mg 100g soil)	2
	2.002567911	2
	2.017969779	2
	2.019514627	2
	2.033616729	2
	2.051714809	2
	2.056290863	2
	2.061494866	2
	2.066113697	2
	447.74 mg C / kg dry soil	2
	2.072566811	2
	2.073075369	2
	2.64*10^6	2
	5.001012181	2
	5.395429033	2
	5.024012584	2
	5.337246126	2
	5.32081389	2
	5.317812936	2
	5.304821556	2
	5.29763574	2
	5.292988147	2
	5.284768787	2
	5.276579768	2
	5.269148688	2
	5.25606855	2
	5.236329408	2
	1436.84 mg C / kg dry soil	2
	5.234951396	2
	5.22512162	2
	5.20974115	2
	1487.35 mg C / kg dry soil	2
	5.143283069	2
	5.126548312	2
	5.11*10^6	2
	5.106543154	2
	5.087699719	2
	5.085308357	2
	5.072400868	2
	5.061647189	2
	16.26717299	2
	2.635475259	2
	2.866579926	2
	2.646155586	2
	3.123351044	2
	3.138423966	2
	3.141223965	2
	3.145582259	2
	3.154582899	2
	3.159115131	2
	3.16077694	2
	3.162429262	2
	3.174124369	2
	3.193817768	2
	3.211889919	2
	3.218394015	2
	3.222003364	2
	374.2 mg C / kg dry soil	2
	3.23658914	2
	3.241516627	2
	3.243279968	2
	3.256296834	2
	3.266653416	2
	3.276515029	2
	3.284233809	2
	3.29884795	2
	3.308750205	2
	3.318513816	2
	3.332240835	2
	3.33567964	2
	3.344684814	2
	3.359469408	2
	3.128716276	2
	3.107892543	2
	4.146471737	2
	3.10*10^6	2
	4.110056495	2
	4.108173397	2
	4.094994095	2
	4.092802634	2
	4.090642022	2
	4.080332342	2
	4.049175736	2
	4.047346502	2
	4.045652079	2
	4.035324548	2
	398.69 mg C / kg dry soil	2
	395.52 mg C / kg dry soil	2
	39.14 (mg 100g soil)	2
	27.93 (mg 100g soil)	2
	28.25 (mg 100g soil)	2
	28.50 (mg 100g soil)	2
	28.70245082	2
	387.18 mg C / kg dry soil	2
	38.32 (mg 100g soil)	2
	3.008691161	2
	3.013444639	2
	3.019816764	2
	3.03467183	2
	3.062620159	2
	3.063983417	2
	3.069382733	2
	3.099860881	2
	3.379500349	2
	3.389779423	2
	3.391589609	2
	3.402330204	2
	3.737719945	2
	3.74059082	2
	3.760595689	2
	3.789430968	2
	3.791761178	2
	356.29 mg C / kg dry soil	2
	3.819005984	2
	3.831400691	2
	352.42 mg C / kg dry soil	2
	3.838459302	2
	3.850319857	2
	3.862452246	2
	3.87*10^6	2
	3.874618806	2
	3.883149031	2
	3.886819174	2
	3.892953029	2
	3.893355548	2
	3.893961296	2
	3.981111495	2
	30.52928	2
	341.27 mg C / kg dry soil	2
	308.21 mg C / kg dry soil	2
	335.6 mg C / kg dry soil	2
	33.99 (mg 100g soil)	2
	311.97 mg C / kg dry soil	2
	317.54 mg C / kg dry soil	2
	3.716732251	2
	3.715377248	2
	3.7085297	2
	3.531514921	2
	3.413202311	2
	3.414491962	2
	3.423776921	2
	3.437303326	2
	3.44182958	2
	365.52 mg C / kg dry soil	2
	3.460713913	2
	3.473174346	2
	3.481699238	2
	3.486538232	2
	3.487607924	2
	3.50001154	2
	3.53753744	2
	3.686005182	2
	3.546231156	2
	3.550488212	2
	3.565262975	2
	3.578566647	2
	3.59013322	2
	3.599585033	2
	3.63*10^6	2
	3.631279195	2
	36.52 (mg 100g soil)	2
	3.65694471	2
	3.659656388	2
	3.663973369	2
	4.137753815	2
	4.15954015	2
	2.657075951	2
	2.839729053	2
	2.843425498	2
	2.844686353	2
	2.850997485	2
	2.855832719	2
	1.967460651	2
	2.871039333	2
	2.877162889	2
	2.877554604	2
	2.880985624	2
	2.885471895	2
	2.910358499	2
	2.915229124	2
	2.918759885	2
	402.93 mg C / kg dry soil	2
	2.92860724	2
	2.960869192	2
	2.96529939	2
	2.969889026	2
	402.22 mg C / kg dry soil	2
	2.974824632	2
	401.48 mg C / kg dry soil	2
	2.985658691	2
	2.994709377	2
	2.997010323	2
	4.997668462	2
	4.989340048	2
	4.978351315	2
	2.839936892	2
	2.802866073	2
	4.167028857	2
	2.796557618	2
	2.668837538	2
	2.674273837	2
	2.69152942	2
	2.696099043	2
	2.70614596	2
	412.59 mg C / kg dry soil	2
	2.718008233	2
	2.730945458	2
	2.731131358	2
	2.732355664	2
	2.734400706	2
	2.734666494	2
	2.740470609	2
	2.741045591	2
	2.744635892	2
	2.750370211	2
	2.760228425	2
	2.76281972	2
	2.764413553	2
	2.779419801	2
	2.782117658	2
	2.788822566	2
	2.79159013	2
	2.792454655	2
	2.793350203	2
	2.793704155	2
	2.794221113	2
	4.960495297	2
	4.954232298	2
	4.95035567	2
	4.950112363	2
	4.484142928	2
	23.08096	2
	4.473230662	2
	4.458144881	2
	4.422163089	2
	4.421893706	2
	4.405008644	2
	4.390788767	2
	4.387986499	2
	4.378760782	2
	4.370419642	2
	4.360331732	2
	4.35*10^6	2
	4.330605278	2
	230.75 mg C / kg dry soil	2
	4.299561666	2
	4.29829239	2
	4.285458331	2
	4.246821307	2
	4.222159228	2
	4.217263026	2
	4.205539663	2
	4.198071855	2
	4.194046032	2
	4.18*10^6	2
	4.177671807	2
	4.168345021	2
	4.50497011	2
	4.523121723	2
	4.53589074	2
	4.749977406	2
	202.97 mg C / kg dry soil	2
	4.947760097	2
	4.892632009	2
	4.83*10^5	2
	4.813723873	2
	210.41 mg C / kg dry soil	2
	4.799256266	2
	2136.71 mg C / kg dry soil	2
	4.786891208	2
	4.786200106	2
	4.783897354	2
	4.758729344	2
	4.735985625	2
	4.544028872	2
	22.13840831	2
	4.727527618	2
	22.42831061	2
	4.716971239	2
	4.696131964	2
	4.675256921	2
	4.62226627	2
	4.604497504	2
	4.584699911	2
	4.558662328	2
	221.67 mg C / kg dry soil	2
	4.547196562	2
	1.96902475	2
	5.235714574	2
	1.966327953	2
	6.009063294	2
	6.235466307	2
	0.805761494	2
	6.209410936	2
	6.180012615	2
	6.171043766	2
	6.146853555	2
	0.865402109	2
	6.118591066	2
	6.06087177	2
	0.918882006	2
	602.75 mg C / kg dry soil	2
	596.87 mg C / kg dry soil	2
	594.7 mg C / kg dry soil	2
	594.13 mg C / kg dry soil	2
	0.963729791	2
	592.11 mg C / kg dry soil	2
	0.977789907	2
	0.978494488	2
	0.993621008	2
	1.012405996	2
	6.248496466	2
	6.324702388	2
	0.772036076	2
	6.338453273	2
	6.766264286	2
	1.963345805	2
	6.691001927	2
	6.662455532	2
	0.67868061	2
	6.649204074	2
	6.638679498	2
	6.610714669	2
	0.716294043	2
	6.607772131	2
	0.721721136	2
	6.574873755	2
	6.559151508	2
	6.547626645	2
	6.528907765	2
	6.453383524	2
	6.434016696	2
	0.762461205	2
	6.4269692	2
	1.05754825	2
	1.06154713	2
	1.07115848	2
	1.273560364	2
	1.297052454	2
	1.30*10^7	2
	1.31*10^6	2
	1.312028403	2
	1.314219535	2
	1.322221713	2
	1.323199441	2
	1.328104484	2
	1.364634649	2
	1.374342096	2
	1.377559035	2
	1.38*10^6	2
	1.389273569	2
	1.393842384	2
	1.407966744	2
	1.40902516	2
	1.410240464	2
	1.411139122	2
	1.411555173	2
	554.45 mg C / kg dry soil	2
	1.273405259	2
	1.08*10^7	2
	1.27*10^7	2
	1.09*10^6	2
	569.95 mg C / kg dry soil	2
	1.10276318	2
	565.57 mg C / kg dry soil	2
	561.47 mg C / kg dry soil	2
	1.180994661	2
	56.86 (mg 100g soil)	2
	1.188444074	2
	1.192367035	2
	1.198907438	2
	1.205475281	2
	1.206728127	2
	1.207916047	2
	1.211130557	2
	56.04939705	2
	1.220750066	2
	1.224270285	2
	1.239298943	2
	1.250852579	2
	6.94156189	2
	61.46 (mg 100g soil)	2
	1.428967982	2
	8.03585806	2
	8.416259648	2
	8.377316548	2
	8.240254889	2
	8.136250252	2
	8.116946148	2
	8.102589822	2
	8.091706624	2
	8.068172123	2
	8.063305881	2
	799.73 mg C / kg dry soil	2
	613.59 mg C / kg dry soil	2
	799.64 mg C / kg dry soil	2
	773.12 mg C / kg dry soil	2
	771.43 mg C / kg dry soil	2
	762.93 mg C / kg dry soil	2
	762.49 mg C / kg dry soil	2
	761.99 mg C / kg dry soil	2
	759.88 mg C / kg dry soil	2
	757.74 mg C / kg dry soil	2
	750.38 mg C / kg dry soil	2
	8.557395477	2
	8.666251069	2
	8.737438384	2
	804.32 mg C / kg dry soil	2
	97.08 (mg 100g soil)	2
	967.82 mg C / kg dry soil	2
	958.51 mg C / kg dry soil	2
	945.82 mg C / kg dry soil	2
	930.19 mg C / kg dry soil	2
	929.14 mg C / kg dry soil	2
	9.354121898	2
	898.04 mg C / kg dry soil	2
	890.38 mg C / kg dry soil	2
	883.75 mg C / kg dry soil	2
	880.99 mg C / kg dry soil	2
	874.48 mg C / kg dry soil	2
	870.99 mg C / kg dry soil	2
	867.64 mg C / kg dry soil	2
	854.69 mg C / kg dry soil	2
	854.06 mg C / kg dry soil	2
	853.03 mg C / kg dry soil	2
	825.61 mg C / kg dry soil	2
	823.49 mg C / kg dry soil	2
	747.78 mg C / kg dry soil	2
	746.42 mg C / kg dry soil	2
	737.63 mg C / kg dry soil	2
	696.98 mg C / kg dry soil	2
	693.45 mg C / kg dry soil	2
	693.25 mg C / kg dry soil	2
	688.14 mg C / kg dry soil	2
	681.93 mg C / kg dry soil	2
	68.87 (mg 100g soil)	2
	679.32 mg C / kg dry soil	2
	679.22 mg C / kg dry soil	2
	677.89 mg C / kg dry soil	2
	676.64 mg C / kg dry soil	2
	674.77 mg C / kg dry soil	2
	670.42 mg C / kg dry soil	2
	662.92 mg C / kg dry soil	2
	652.52 mg C / kg dry soil	2
	652.36 mg C / kg dry soil	2
	642.48 mg C / kg dry soil	2
	642.23 mg C / kg dry soil	2
	635.17 mg C / kg dry soil	2
	628.98 mg C / kg dry soil	2
	622.95 mg C / kg dry soil	2
	693.81 mg C / kg dry soil	2
	7.058918594	2
	733.49 mg C / kg dry soil	2
	7.10095842	2
	727.77 mg C / kg dry soil	2
	725.21 mg C / kg dry soil	2
	723.11 mg C / kg dry soil	2
	718.31 mg C / kg dry soil	2
	715.58 mg C / kg dry soil	2
	706.34 mg C / kg dry soil	2
	7.912035587	2
	7.873876195	2
	7.680610341	2
	7.622928882	2
	7.619077492	2
	7.586632132	2
	7.555962825	2
	7.49613352	2
	7.475709404	2
	7.397865921	2
	7.370845082	2
	7.288842232	2
	7.131040197	2
	1.41412061	2
	6.757504698	2
	1.593344691	2
	1.555009777	2
	1.561062465	2
	1.884264581	2
	1.594203159	2
	1.874291492	2
	1.595119833	2
	1.873841446	2
	1.617199315	2
	1.872044827	2
	1.627681054	2
	1.634685887	2
	1.635098507	2
	1.637470014	2
	1.871445772	2
	1.870544068	2
	1.650880533	2
	540.59 mg C / kg dry soil	2
	1.553718674	2
	531.15 mg C / kg dry soil	2
	1.546331641	2
	1.927499653	2
	1.923276158	2
	515.04 mg C / kg dry soil	2
	1.905377644	2
	1.903614076	2
	1.502201573	2
	1.509525424	2
	1.51599762	2
	1.516964174	2
	1.897181007	2
	1.52704454	2
	1.894670728	2
	515.22 mg C / kg dry soil	2
	1.540771278	2
	1.54474087	2
	1.662442156	2
	1.670891165	2
	1.498802043	2
	1.730177177	2
	1.740211813	2
	1.742208874	2
	1.787423518	2
	1.742745036	2
	1.776739809	2
	1.753928628	2
	1.754238404	2
	1.756439687	2
	1.775988823	2
	1.775966905	2
	1.76*10^6	2
	1.760302285	2
	1.774493682	2
	1.761561999	2
	1.761786436	2
	1.730778345	2
	1.724320507	2
	1.673155341	2
	1.711336583	2
	1.673717741	2
	516.9 mg C / kg dry soil	2
	1.862708019	2
	1.859651637	2
	1.858415444	2
	1.85804142	2
	1.688987118	2
	1.841924569	2
	517.1 mg C / kg dry soil	2
	1.837970516	2
	1.689927002	2
	1.689957473	2
	1.804420213	2
	1.698199204	2
	1.79373283	2
	1.934000671	2
	1.767385861	2
	1.937812253	2
	1.452585954	2
	1.466141963	2
	1.937687186	2
	1.45966278	2
	1.457264734	2
	1.443229279	2
	1.455713112	2
	1.948932423	2
	512.35 mg C / kg dry soil	2
	1.939239841	2
	1.472374059	2
	1.45*10^6	2
	1.490505737	2
	1.477621861	2
	1.470946578	2
	74.89985813217953	1
	383.8191712473482	1
	384.05 mg/kg	1
	52.22218984210345	1
	384.2156157384594	1
	338.0493103012524	1
	333.43670542424206	1
	338.0026849778144	1
	384.3073238	1
	3842 mg C/kg soil	1
	388.2158300646689	1
	728.0538729900935	1
	Parthenium rhizosphere	1
	734.2497128	1
	386.3951526918401	1
	3863 mg C/kg soil	1
	383.6964248832328	1
	334 mg C/kg soil; 26 mg N/kg soil	1
	389.8544984865973	1
	732.115016	1
	731.163938	1
	389.1987894244704	1
	351.36512957361964	1
	5.967086615	1
	382.87630227585737	1
	382.56726078425663	1
	377.72642551224675	1
	767.243867	1
	34.22336656	1
	34.04971165	1
	50.86620856	1
	378.0210233706898	1
	338.98714843063544	1
	76.59103419	1
	76.10 mg/kg	1
	338.1112542559214	1
	378.3244966322297	1
	3795 mg C/kg soil	1
	3799 mg C/kg soil	1
	756.8996238081385	1
	756.644468	1
	38.08236667	1
	38.23226366	1
	754.5670540645273	1
	753.3359330000001	1
	5.98*10^5	1
	38.48224464	1
	38.67212253	1
	38.95746315	1
	38.97909049	1
	39.0450807	1
	39.01942265	1
	Sorghum mature rhizosphere	1
	39.06234096	1
	7.81*10^5	1
	702.2622630278961	1
	4.05*10^6	1
	4.07*10^5	1
	4.07*10^6	1
	7.94 *10^5	1
	33.64878253	1
	4.070733869	1
	7.93457051	1
	soil	1
	33.59281737	1
	33.50563259	1
	7.90 *10^5	1
	520.068474660015	1
	33.48418629	1
	708 mg C/kg soil	1
	soil bulk	1
	33.20972110323947	1
	33.16486592	1
	7.649633915	1
	3271 mg C/kg soil	1
	327.824074421601	1
	327.74891747406696	1
	326.85029186246356	1
	7.61*10^5	1
	326.6016629842329	1
	325.5725727	1
	324.6864077966116	1
	324.47621429311016	1
	52.86940557	1
	710 mg C/kg soil	1
	34.25284982	1
	394.19756091068086	1
	330.37860142233035	1
	Sorghum rhizosphere	1
	39.09599273	1
	722.1320810000001	1
	721.6899030000001	1
	52.70375632	1
	39.81247545	1
	391.2090362266681	1
	717.2167454183742	1
	391.861279292733	1
	392.0876927747958	1
	33.9046736	1
	392.4814678785939	1
	394.3873815	1
	710.6988284281696	1
	33.88241027	1
	395.75472	1
	396.5910189102222	1
	396.710410658914	1
	3963 mg C/kg soil	1
	3968 mg C/kg soil	1
	713.846973	1
	399.2962542155805	1
	33.85797691	1
	713.457913	1
	4.01*10^6	1
	4.03*10^5	1
	33.80191852	1
	50.88619405	1
	784.1680680000001	1
	773.038502	1
	820.536157	1
	90.16617739331022	1
	509.49773174278954	1
	36.79857841	1
	85.51218735	1
	845.787561	1
	839.6504600290803	1
	837 mg C/kg soil	1
	836.360045	1
	917 mg C/kg soil	1
	361.157898	1
	361.6551217289292	1
	928.656118	1
	508.1886680426384	1
	35.5427331	1
	80.85240523915797	1
	8.888426023814915	1
	364.8883548430942	1
	8.87 *10^5	1
	8.84*10^5	1
	8.775736965	1
	507.998226	1
	365.5402971240823	1
	8.717233792	1
	350.21621	1
	35.8403149	1
	8.701238016	1
	36.52385387	1
	515.0165314084668	1
	9.98*10^6	1
	87.49765871480476	1
	9.56*10^5	1
	9.514183594	1
	352.71457840524795	1
	352.7390728726013	1
	510.5329750000001	1
	354.0023265020958	1
	9.351327634	1
	9.20*10^6	1
	9.19*10^5	1
	3571 mg C/kg soil	1
	9.10*10^6	1
	358.9665696	1
	9.08*10^5	1
	9.04 *10^5	1
	36.02448828	1
	36.13138109	1
	9.02*10^6	1
	514.4119574998182	1
	51.76987388	1
	9.859536419	1
	36.2249404	1
	9.94 *10^5	1
	51.1319193	1
	9.945191351	1
	509.8568793086685	1
	3650 mg C/kg soil	1
	8.56 *10^5	1
	34.80754436	1
	8.02*10^6	1
	37.80961503	1
	8.098032226	1
	371.1548328743147	1
	344.3550469	1
	8.072107505	1
	373.0185740251708	1
	500.73781380791905	1
	343.90429128262485	1
	373.29956264694505	1
	500.6624850301894	1
	8.04*10^6	1
	513.1037931483445	1
	500.0794117016377	1
	366.2348382816132	1
	3747 mg C/kg soil	1
	795 mg C/kg soil	1
	375.9780738016091	1
	34.99189153	1
	793.279035	1
	79.6267291244202	1
	786.4181713526677	1
	9.82*10^6	1
	778.2460060000001	1
	773.8281609999999	1
	500.06474499999996	1
	377.1828055219254	1
	345.62757381474506	1
	346.0757483	1
	8.117103268	1
	37.45776806	1
	945 mg C/kg soil	1
	368.894270667817	1
	8.484447256	1
	368.9345585114981	1
	35.40589001	1
	369.34800297750274	1
	8.401933391	1
	35.3843912	1
	369.4813054	1
	35.12639317	1
	369.94 mg/kg	1
	507.82326600000005	1
	35.10577194	1
	349.44402177599784	1
	8.27*10^5	1
	348.6277303833984	1
	8.22*10^5	1
	37.22840292	1
	8.20*10^6	1
	8.188400914	1
	4.18 *10^5	1
	346.8009190916058	1
	37.22922195	1
	37.35456751	1
	516.7576703173443	1
	547.8504343926004	1
	521.716637	1
	7.53*10^6	1
	496.47 mg/kg	1
	497.8984864391234	1
	425.0034396051331	1
	58.680037165917994	1
	544.04 mg/kg	1
	426.1086089757635	1
	579.2596353178192	1
	578.963525	1
	577.3868663637379	1
	575.7992904285392	1
	496.58443271091716	1
	574.2948750247	1
	571.093071	1
	57.81394306	1
	4260 mg C/kg soil	1
	428.5 mg/kg	1
	58.87080544	1
	496.3665291	1
	429.24667200571577	1
	568.5296944747065	1
	43.24011996	1
	566.1395435808529	1
	43.47825899	1
	43.84531331	1
	430.1160415324362	1
	430.2554770919338	1
	431.6651570618951	1
	495.6177725455573	1
	565.4323169934462	1
	432.6464413187844	1
	565.3989857992194	1
	4981 mg C/kg soil	1
	580.3132086258837	1
	6.212729662	1
	42.5989314	1
	415.57704602090314	1
	6.20*10^5	1
	5.09*10^5	1
	541.2028371879369	1
	598.1168161328313	1
	598.0834605206297	1
	415.61520995702	1
	5.059071001990219	1
	5.03*10^6	1
	595.9407350309481	1
	594.4450163019961	1
	418.78813356768575	1
	419.14489062799447	1
	594.1995057187175	1
	5 *10^6	1
	582.617571	1
	42.95870565	1
	499.91 mg/kg	1
	59.40353753	1
	543.152	1
	420.28411773965115	1
	589.7926108578707	1
	589.7012987375366	1
	589.286843393311	1
	587.9241579999999	1
	420.4699988509052	1
	583.777404	1
	422.029982	1
	424.1844351934766	1
	582.6584352073634	1
	433.08303354786943	1
	436.26956900000005	1
	565.3816587911119	1
	549.4082856357492	1
	48.2947435	1
	447.23920054708117	1
	550.585810742829	1
	479.8867614988579	1
	478.2956353287882	1
	478.29338392443333	1
	545.8809829159475	1
	550.2645310133979	1
	476.82878921274386	1
	475.73664526353673	1
	550.1678180262767	1
	55.09580236	1
	448.7323446	1
	475.63851752263474	1
	546.1167399999999	1
	564.5929357435247	1
	471.0121108980781	1
	45.16809797	1
	470.25305728032924	1
	4540 mg C/kg soil	1
	46.05407005	1
	46.31948048	1
	46.5839648	1
	546.4321168178438	1
	469.6699516	1
	462.88449609732237	1
	462.9043270511919	1
	462.9076112	1
	463.07432207895215	1
	465.64256944770165	1
	544.1910688801055	1
	48.70866606	1
	550.8326409434612	1
	481.624436	1
	438.4702196123774	1
	564.5560749380104	1
	562.2133958403689	1
	561.4805110424494	1
	439.4374124854904	1
	495.52417421048926	1
	495.03921971948756	1
	494.794179383067	1
	494.5712712387978	1
	56.7610647	1
	493.06089199999997	1
	491.6547303302807	1
	490.5768208139847	1
	490.3155113817384	1
	56.58503262	1
	488.9217014	1
	44.45471247	1
	487.76 mg/kg	1
	441.22796495460386	1
	558.8133055	1
	558.0594452600916	1
	555.5693205070662	1
	555.424637655004	1
	554.4827359999999	1
	484.7221690108305	1
	552.1070539989133	1
	483.5664406432532	1
	444.288105650407	1
	482.0049333	1
	6.21*10^6	1
	6.215430202	1
	7.43*10^5	1
	5.435377996	1
	659.8519751984969	1
	658.4886931190463	1
	654.6035807291969	1
	653.2315950000001	1
	53.60239454	1
	4.766212718	1
	5.46*10^6	1
	650.5292152324604	1
	650 mg C/kg soil	1
	642.931505	1
	641.628862	1
	641.4588060000001	1
	639.655924770707	1
	639.2304261250212	1
	4.85*10^6	1
	664 mg C/kg soil	1
	4.860875183	1
	4.867821119	1
	4.88*10^6	1
	634.113736729631	1
	4.910993852	1
	4.913069761	1
	4.92*10^5	1
	4.922518459	1
	4.93*10^6	1
	633.4751658138739	1
	629.6229775834944	1
	4.95*10^5	1
	629.17906	1
	626.9668969898044	1
	663.4170196727327	1
	665.296339	1
	413.5092525	1
	4.47*10^6	1
	4.209094803	1
	7.348502175	1
	4.223591356	1
	7.243316126	1
	4.31*10^6	1
	699.01 mg/kg	1
	4.34*10^6	1
	698.4606353840517	1
	697.70189788263	1
	4.38*10^5	1
	693.601663583569	1
	5.55*10^5	1
	685.446556928899	1
	466.7707062243212	1
	681.659288733047	1
	4.669863337423314	1
	680.256109	1
	4.48*10^6	1
	5.54*10^6	1
	68.68199848	1
	522.3591110567471	1
	678.331346	1
	524.604869	1
	676 mg C/kg soil	1
	4.551207164	1
	525.7266573894761	1
	673.1270925248617	1
	527.6892949999999	1
	67.2512066132655	1
	667.4447201126754	1
	623.363568	1
	623.2722093375025	1
	623.2671388298569	1
	41.89076214	1
	405.4625419189985	1
	406.9410717603227	1
	408.993145919107	1
	6.65*10^6	1
	6.640820344	1
	534.8644574969153	1
	6.63*10^6	1
	409.009249	1
	5.27 *10^6	1
	535.2707917108769	1
	41.17055939	1
	6.61*10^6	1
	5.248301050660563	1
	41.50839017	1
	410.58 mg/kg	1
	5.394086263	1
	322.69750110422564	1
	6.51*10^5	1
	411.3108914669361	1
	6.47*10^6	1
	54.12057993	1
	540.2800812855681	1
	412.1812272055508	1
	412.4279014490455	1
	6.39*10^6	1
	6.36*10^6	1
	5.156815012	1
	5.144710476	1
	412.66695501828775	1
	5.13*10^5	1
	404.1851984520352	1
	5.30*10^5	1
	6.750837056	1
	53.96343028	1
	622.5567633097122	1
	622.0185153712189	1
	40.53503492	1
	621.7091711190257	1
	40.65006125	1
	4004 mg C/kg soil	1
	620.9250381512383	1
	620.06 mg/kg	1
	62.37751274812801	1
	619.2057346588417	1
	616.5552385	1
	616.1917195293764	1
	615.776362	1
	613.953167	1
	5.39*10^5	1
	612.4267728144804	1
	611.9764267086462	1
	403 mg C/kg soil	1
	611.2115075	1
	5.339528534	1
	61.36552148	1
	609.9303977149715	1
	608.6475982475673	1
	605.7020209058363	1
	403.8852338	1
	601.95 mg/kg	1
	601.6488838	1
	60.4333596	1
	6.81 *10^5	1
	3225 mg C/kg soil	1
	26.70088932	1
	322.30430943197445	1
	0.789017724	1
	0.785321202	1
	0.784553328	1
	0.772002757	1
	0.771563774	1
	0.771183737	1
	0.769702446	1
	0.760509054	1
	0.752050923	1
	0.751973937	1
	0.747614809	1
	0.741875237	1
	0.739072197	1
	0.738063166	1
	0.733218349	1
	0.720804763	1
	0.717817203	1
	0.709004461	1
	0.704350641	1
	0.699538198	1
	0.686095571	1
	0.68540396	1
	0.658329957	1
	0.655062634	1
	0.787912466	1
	0.791347792	1
	0.645062943	1
	0.793781181	1
	1.00*10^7	1
	1,74 *10^6	1
	1,167122023	1
	1,07 *10^6	1
	0.981400362	1
	0.972899437	1
	0.958487534	1
	0.956864246	1
	0.945148935	1
	0.935787024	1
	0.935434084	1
	0.933450291	1
	0.926733416	1
	0.900584137	1
	0.89086297	1
	0.890791885	1
	0.88193942	1
	0.880974506	1
	0.840846031	1
	0.840776636	1
	0.834522042	1
	0.82657662	1
	0.81702591	1
	0.646598489	1
	0.639702223	1
	0,831616519	1
	0.49013169	1
	0.486942476	1
	0.484285662	1
	0.481705192	1
	0.477188621	1
	0.453798001	1
	0.445842284	1
	0.441556202	1
	0.432446527	1
	0.4314536503261098	1
	0.425325051	1
	0.422758571	1
	0.388138648	1
	0.380511136	1
	0.3212426503067484	1
	0.2194899468201355	1
	0.172324897	1
	0.16926171	1
	0.15965298	1
	0.12887595441814068	1
	0.1101471397046342	1
	0.087717407	1
	0.0827672611969877	1
	0.082487041	1
	0.48727922077922076	1
	0.490765927	1
	0.622545918	1
	0.491818718	1
	0.620066251	1
	0.6044398730885261	1
	0.602334206	1
	0.599336416	1
	0.598916695	1
	0.597471284	1
	0.59530227	1
	0.591305738	1
	0.577458615	1
	0.5732257505773672	1
	0.570032363	1
	0.566707237	1
	0.566082716	1
	0.560465787	1
	0.55208345	1
	0.5370246579618166	1
	0.534482291	1
	0.529480416	1
	0.523259246	1
	0.522338799	1
	0.519001668	1
	0.5132668911435028	1
	0.510925843	1
	1.01*10^7	1
	1.03*10^6	1
	1.034043186	1
	1.94*10^6	1
	1.915586653	1
	1.908556228	1
	1.886974549	1
	1.880176364	1
	1.88*10^6	1
	1.868806073	1
	1.84*10^6	1
	1.821178747	1
	1.799022056	1
	1.787612699	1
	1.782607314	1
	1.73*10^6	1
	1.725457002	1
	1.72*10^6	1
	1.72 *10^6	1
	1.71 *10^6	1
	1.70*10^6	1
	1.69*10^6	1
	1.679017634	1
	1.670038811	1
	1.663379379	1
	1.65*10^6	1
	1.647041805	1
	1.935699697	1
	1.96*10^6	1
	1.035113459	1
	1.97*10^6	1
	1196 mg C/kg soil	1
	118.7 mg/kg	1
	1179 mg C/kg soil	1
	1163 mg C/kg soil	1
	1136 mg C/kg soil	1
	1129 mg C/kg soil	1
	112.87168718379706	1
	1111 mg C/kg soil	1
	111.88274681754729	1
	11.83292506	1
	11.70919215	1
	11.68475081	1
	11.397949582484614	1
	11.34018476	1
	11.19596771	1
	11.01275985	1
	11.0063609	1
	108.97006726681266	1
	1052 mg C/kg soil	1
	1031 mg C/kg soil	1
	102.32596706600253	1
	10.93926591	1
	10.28431917	1
	1.61*10^6	1
	1.6 *10^6	1
	1.56*10^6	1
	1.54480611	1
	1.18*10^5	1
	1.178040876	1
	1.166242405	1
	1.14431881	1
	1.14*10^7	1
	1.14*10^6	1
	1.128458876	1
	1.117133867	1
	1.116800269	1
	1.11*10^6	1
	1.096727938	1
	1.090398178	1
	1.087829143	1
	1.08560175	1
	1.083315324	1
	1.08*10^6	1
	1.08 *10^6	1
	1.079321995	1
	1.071959124	1
	1.068093237	1
	1.066095341	1
	1.05*10^6	1
	1.043801421	1
	1.18*10^6	1
	1.182695512	1
	1.19*10^6	1
	1.4*10^6	1
	1.530186864	1
	1.505961054	1
	1.50*10^6	1
	1.449850838	1
	1.44884848	1
	1.44*10^6	1
	1.436825895	1
	1.430058299	1
	1.41*10^6	1
	1.406651554	1
	1.383090476	1
	1.21752033	1
	1.341130135	1
	1.321399139	1
	1.287555426	1
	1.28*10^7	1
	1.25544744	1
	1.247989961	1
	1.244751215	1
	1.244483092	1
	1.240875546	1
	1.219385033	1
	0.0710021946125801	1
	0,612104729	1
	12.28667976	1
soil	3.835908135	1
soil	3.229001934	1
soil	3.171	1
soil	3.01153604	1
soil	29.91394767	1
soil	29.86916562	1
soil	29.29634214	1
soil	29.12317229	1
soil	28.91065088	1
soil	28.36364566	1
soil	28.30219143	1
soil	28.02611897	1
soil	26.88438531	1
soil	26.68842447	1
soil	26.47094611	1
soil	26.02429185	1
soil	24.82014716	1
soil	24.65957449	1
soil	23.7350121	1
soil	23.58451679	1
soil	23.45521137	1
soil	23.35112128	1
soil	23.21647591	1
soil	23.11947467	1
soil	3.37704381	1
soil	30.02377951	1
soil	23.00803283	1
soil	30.18819535	1
soil	4.209094803	1
soil	4.070733869	1
soil	39.81247545	1
soil	39.50041418	1
soil	38.95746315	1
soil	38.79123514	1
soil	38.48224464	1
soil	38.08236667	1
soil	37.35456751	1
soil	36.02448828	1
soil	35.5427331	1
soil	35.40589001	1
soil	34.80703643	1
soil	34.25284982	1
soil	34.22336656	1
soil	33.40112731	1
soil	33.16486592	1
soil	32.22124035	1
soil	31.79455907	1
soil	31.14874839	1
soil	30.68024259	1
soil	30.66593266	1
soil	30.57483843	1
soil	23.07972911	1
soil	22.86300681	1
	0,498533471	1
soil	12.98809249	1
soil	11.83292506	1
soil	11.01275985	1
soil	10.93926591	1
soil	1.782607314	1
soil	1.725457002	1
soil	1.56080345	1
soil	1.44884848	1
soil	1.430058299	1
soil	1.178040876	1
soil	1.096727938	1
soil	1.08560175	1
soil	1.071959124	1
soil	1.043801421	1
soil	0.972899437	1
soil	0.958487534	1
soil	0.880974506	1
soil	0.84030661	1
soil	0.791347792	1
soil	0.760509054	1
soil	0.747614809	1
soil	0.709004461	1
soil	0.608188149	1
soil	0.453798001	1
soil	112.5943948	1
soil	13.67083984	1
soil	22.69679824	1
soil	13.76782665	1
soil	22.24489003	1
soil	22.21079642	1
soil	21.10943575	1
soil	21.00581153	1
soil	20.35727322	1
soil	2.797909676	1
soil	2.780600488	1
soil	2.697669711	1
soil	2.364306392	1
soil	2.355154842	1
soil	2.311831728	1
soil	2.159140397	1
soil	19.65188068	1
soil	19.56635854	1
soil	18.65170737	1
soil	17.47168521	1
soil	15.66708339	1
soil	14.88086312	1
soil	14.42740742	1
soil	14.26597799	1
soil	14.24946908	1
soil	14.01052936	1
soil	139-219 ug/g	1
soil	4.223591356	1
soil	4.766212718	1
soil	4.867821119	1
	0,099876326	1
	0,098583752	1
	0,098318235	1
	0,098061007	1
	0,093919802	1
	0,09169423	1
	0,08982553	1
	0,089172118	1
	0,087545778	1
	0,08669431	1
	0,083583387	1
	0,083477013	1
	0,083423497	1
	0,078566553	1
	0,078459242	1
	0,076864526	1
	0,076239187	1
	0,075360959	1
	0,07528088	1
	0,074145839	1
	0,07228765	1
	0,07101231	1
	0,064708233	1
	0,063400537	1
	0,099592265	1
	0,1000871	1
soil	4.922518459	1
	0,102562327	1
	0,2484183	1
	0,236266934	1
	0,2080557	1
	0,207335152	1
	0,205911	1
	0,2024861	1
	0,193049956	1
	0,192688567	1
	0,186112567	1
	0,1807232	1
	0,1732627	1
	0,1717035	1
	0,1674418	1
	0,133233414	1
	0,125503233	1
	0,1187808	1
	0,118607411	1
	0,110868517	1
	0,1089808	1
	0,10785367	1
	0,1071699	1
	0,105881643	1
	0,104239638	1
	0,060516898	1
	0,05827696	1
	0,057285912	1
	0,057152257	1
soil	79.23428994	1
soil	76.59103419	1
soil	7.649633915	1
soil	7.399549337	1
soil	6.212729662	1
soil	58.87080544	1
soil	56.7610647	1
soil	56.58503262	1
soil	55.09580236	1
soil	54.12057993	1
soil	53.96343028	1
soil	53.60239454	1
soil	52.86940557	1
soil	5.967086615	1
soil	5.435377996	1
soil	5.392949402	1
soil	5.339528534	1
soil	5.042135716	1
soil	46.05407005	1
soil	45.16809797	1
soil	43.84531331	1
soil	41.89076214	1
soil	40.53503492	1
soil	8.098032226	1
soil	8.401933391	1
soil	8.717233792	1
	0,040986	1
	0,05388402	1
	0,052199914	1
	0,050956691	1
	0,049998297	1
	0,048872543	1
	0,04770515	1
	0,04690164	1
	0,045533147	1
	0,044067255	1
	0,04199265	1
	0,040649549	1
soil	8.775736965	1
	0,037790509	1
	0,036830733	1
	0,035322885	1
	0,03372801	1
	0,03087844	1
	0,02808843	1
soil	92-172 ug/g	1
soil	9.945191351	1
soil	9.859536419	1
soil	84.90339907	1
	12.10093061	1
	12.43985779	1
	321.1149042	1
	262.226956988858	1
	26.93014583	1
	26.90574692	1
	26.88438531	1
	26.84552618	1
	26.73136755958405	1
	26.68842447	1
	26.62788224	1
	26.54947248	1
	26.48975615	1
	26.40456698	1
	26.23548008	1
	26.10294962	1
	26.02429185	1
	26.01050557	1
	2564 mg C/kg soil	1
	252.3233855290789	1
	2511 mg C/kg soil	1
	25.87280576	1
	25.86616018	1
	25.85411923	1
	25.47965168	1
	25.36351393	1
	25.29135839	1
	26.97664654	1
	2627 mg C/kg soil	1
	25.19260647	1
	263.7 mg/kg	1
	288.0160738418941	1
	2874 mg C/kg soil	1
	28.91065088	1
	28.89066834	1
	28.86307087	1
	28.74524736	1
	28.42876047	1
	28.39749415	1
	28.36364566	1
	28.25224562	1
	275.28924784168305	1
	274.93718222455334	1
	274.28 mg/kg	1
	27.85218692	1
	27.77444432	1
	27.53598058072083	1
	27.51104447	1
	27.10404157	1
	27.03022813	1
	2679 mg C/kg soil	1
	267.4 mg/kg	1
	265.67783446291446	1
	264.1434029	1
	25.25675103	1
	25.05943421	1
	2157 mg C/kg soil	1
	23.41951652	1
	23.21647591	1
	23.18849409	1
	23.11947467	1
	23.07972911	1
	23.00803283	1
	2264 mg C/kg soil	1
	2247 mg C/kg soil	1
	223.03 mg/kg	1
	2227 mg C/kg soil	1
	2219 mg C/kg soil	1
	2208 mg C/kg soil	1
	2201 mg C/kg soil	1
	22.96834338	1
	22.89604678	1
	22.84879934	1
	22.62192249	1
	22.546346000610598	1
	22.53510291	1
	22.21079642	1
	22.08450072	1
	22.04578029	1
	22.01767933	1
	2195 mg C/kg soil	1
	23.27339834	1
	23.42157643	1
	2478 mg C/kg soil	1
	23.57588834	1
	2472 mg C/kg soil	1
	2458 mg C/kg soil	1
	24.82014716	1
	24.78482857	1
	24.65957449	1
	24.59223919	1
	24.48196957	1
	24.32585533	1
	24.26392827	1
	24.12461653	1
	24.08650667	1
	2374 mg C/kg soil	1
	2363 mg C/kg soil	1
	2311 mg C/kg soil	1
	23.91993209	1
	23.91897572	1
	23.89125644	1
	23.8250591	1
	23.77719315	1
	23.76958913	1
	23.74191882	1
	23.7350121	1
	23.58451679	1
	29.09868831	1
	29.2008409	1
	29.33189075	1
	3096 mg C/kg soil	1
	3078 mg C/kg soil	1
	307.21013800000003	1
	304.9118884	1
	3023 mg C/kg soil	1
	3021 mg C/kg soil	1
	301.56286704246946	1
	30.6995931	1
	30.68024259	1
	30.5870703	1
	30.57483843	1
	30.54963472	1
	30.51948322	1
	30.44833719	1
	30.42614525	1
	30.39962916	1
	30.13861909	1
	30.02377951	1
	30.01009746	1
	3.99*10^8	1
	3.96*10^6	1
	3.938997442	1
	3.91*10^6	1
	3.85*10^6	1
	308.19735806971596	1
	31.00369965	1
	29.39514739	1
	31.14874839	1
	321.0128573140839	1
	32.93863111	1
	32.89332984	1
	32.52009442	1
	32.48008311	1
	32.47517254	1
	32.25041081	1
	32.22124035	1
	319.52853135619404	1
	317.9781421958533	1
	316.4269411653212	1
	315.84893317466856	1
	3149 mg C/kg soil	1
	31.95324759	1
	31.79455907	1
	31.79138778	1
	31.74301396	1
	31.69512159	1
	31.64489451	1
	31.62853277	1
	31.24639792	1
	31.21234678	1
	31.16541057	1
	3.835908135	1
	3.83*10^6	1
	3.82*10^5	1
	3.8172396007867713	1
	3.2494645476772615	1
	3.24*10^6	1
	3.23*10^6	1
	3.229001934	1
	3.22*10^6	1
	3.18*10^6	1
	3.171	1
	3.13*10^5	1
	3.12*10^6	1
	3.09*10^6	1
	3.04*10^6	1
	3.03*10^5	1
	3.02*10^6	1
	3.01153604	1
	3.01*10^6	1
	294.39210207053253	1
	293.0930623	1
	29.91394767	1
	29.86916562	1
	29.63148305	1
	29.57792086	1
	29.50452781	1
	29.47198768	1
	3.26*10^6	1
	3.2912161391115338	1
	3.30*10^6	1
	3.51*10^6	1
	3.81*10^6	1
	3.78*10^6	1
	3.76*10^6	1
	3.73*10^6	1
	3.72*10^6	1
	3.70378254	1
	3.64*10^5	1
	3.61*10^6	1
	3.59*10^6	1
	3.52*10^6	1
	3.47*10^6	1
	3.304913672	1
	3.45*10^6	1
	3.44*10^6	1
	3.421283075878459	1
	3.41*10^6	1
	3.407699127	1
	3.39*10^6	1
	3.38*10^6	1
	3.37704381	1
	3.37*10^6	1
	3.32*10^6	1
	2179 mg C/kg soil	1
	2154 mg C/kg soil	1
	12.81577805	1
	1701 mg C/kg soil	1
	17.79483854	1
	17.737593115303696	1
	17.64085533	1
	17.47168521	1
	17.3821466	1
	17.28546179	1
	169.5883326	1
	1685 mg C/kg soil	1
	1669 mg C/kg soil	1
	1664 mg C/kg soil	1
	166.8 mg/kg	1
	164.3 mg/kg	1
	1621 mg C/kg soil	1
	1601 mg C/kg soil	1
	16.94063113	1
	16.83843538	1
	16.35851533	1
	16.31394305	1
	16.218459212255013	1
	16.13724703	1
	1580 mg C/kg soil	1
	1569 mg C/kg soil	1
	156 mg/kg	1
	17.99200582	1
	1703 mg C/kg soil	1
	154.3 mg/kg	1
	171.1 mg/kg	1
	1899 mg C/kg soil	1
	1891 mg C/kg soil	1
	1874 mg C/kg soil	1
	186.7 mg/kg	1
	186 mg/kg	1
	185.9 mg/kg	1
	1811 mg C/kg soil	1
	180.8 mg/kg	1
	18.74761714	1
	18.65170737	1
	18.566527	1
	18.52859573	1
	18.21408163	1
	18.16521459	1
	1796 mg C/kg soil	1
	179.1 mg/kg	1
	178.7 mg/kg	1
	1777 mg C/kg soil	1
	1767 mg C/kg soil	1
	1754 mg C/kg soil	1
	1737 mg C/kg soil	1
	173.0017075142817	1
	172.58 mg/kg	1
	1551 mg C/kg soil	1
	1524 mg C/kg soil	1
	2124 mg C/kg soil	1
	1370 mg C/kg soil	1
	134.7 mg/kg	1
	1338 mg C/kg soil	1
	1332 mg C/kg soil	1
	1309.53 mg/kg	1
	13.95655194	1
	13.83957774	1
	13.76782665	1
	13.67083984	1
	13.66169406	1
	13.65405527	1
	13.61762155	1
	13.03386927	1
	1265 mg C/kg soil	1
	1253 mg C/kg soil	1
	1252 mg C/kg soil	1
	125 mg/kg	1
	123.2 mg/kg	1
	1226 mg C/kg soil	1
	1219 mg C/kg soil	1
	1218 mg C/kg soil	1
	12.98809249	1
	12.85148833	1
	12.83886609	1
	137.8 mg/kg	1
	1376 mg C/kg soil	1
	15.66708339	1
	138.2 mg/kg	1
	15.60191016	1
	15.30008104	1
	15.28663394	1
	1492 mg C/kg soil	1
	1484 mg C/kg soil	1
	1472 mg C/kg soil	1
	1464.95 mg/kg	1
	143 mg/kg	1
	1424 mg C/kg soil	1
	142.7 mg/kg	1
	1412 mg C/kg soil	1
	1406 mg C/kg soil	1
	1404 mg C/kg soil	1
	14.87461904	1
	14.87267235	1
	14.75929544	1
	14.42740742	1
	14.38203721	1
	14.26597799	1
	14.24946908	1
	1398 mg C/kg soil	1
	1385 mg C/kg soil	1
	1380 mg C/kg soil	1
	19.03279336	1
	19.13456934	1
	19.33501922	1
	20.1436544	1
	2.98*10^6	1
	2.97*10^6	1
	2.923491708	1
	2.92*10^6	1
	2.886296384	1
	2.88*10^6	1
	2.83*10^6	1
	2.81*10^6	1
	2.804674323	1
	2.797909676	1
	2.79*10^6	1
	2.780600488	1
	2.760938998	1
	2.76*10^6	1
	2.757046852155421	1
	2.74*10^6	1
	2.73*10^6	1
	2.72*10^6	1
	2.714793096	1
	2.67*10^6	1
	2.66*10^6	1
	2.62*10^6	1
	2.55*10^6	1
	20.134238374279903	1
	20.32889327	1
	19.44775217	1
	20.35727322	1
	212.31197682579906	1
	211.7 mg/kg	1
	21.87284105106218	1
	21.85828319	1
	21.63400002	1
	21.63014484	1
	21.61198603	1
	21.40811687	1
	21.321958962919823	1
	21.10943575	1
	21.00581153	1
	209.5 mg/kg	1
	2084 mg C/kg soil	1
	2067 mg C/kg soil	1
	206.5159273576536	1
	2005 mg C/kg soil	1
	2004 mg C/kg soil	1
	2001 mg C/kg soil	1
	20.93545049	1
	20.90152704	1
	20.68559761	1
	20.61596108	1
	20.38092756	1
	2.50929819	1
	2.509003261098254	1
	2.50*10^6	1
	2.46*10^6	1
	2.102706262	1
	2.10*10^6	1
	2.085662454426392	1
	2.068346261	1
	2.04*10^8	1
	2.04*10^6	1
	2.01*10^6	1
	1963 mg C/kg soil	1
	196.2 mg/kg	1
	194 mg/kg	1
	1920 mg C/kg soil	1
	1916 mg C/kg soil	1
	1910 mg C/kg soil	1
	190.7 mg/kg	1
	19.91403623	1
	19.89989598	1
	19.83358135	1
	19.78843597	1
	19.65188068	1
	19.56635854	1
	19.49126616	1
	19.47170515	1
	19.469152224786548	1
	2.109355678	1
	2.14*10^6	1
	2.15*10^6	1
	2.301742139	1
	2.4456112960760996	1
	2.41*10^6	1
	2.39*10^8	1
	2.39*10^6	1
	2.364306392	1
	2.355154842	1
	2.33*10^6	1
	2.31344135551948	1
	2.311831728	1
	2.310232205	1
	2.30*10^6	1
	2.156177056	1
	2.2937804550512224	1
	2.29*10^7	1
	2.28741367	1
	2.28*10^6	1
	2.27*10^6	1
	2.269328097	1
	2.264897457	1
	2.26*10^6	1
	2.225093249	1
	2.159140397	1
	26.47094611	1
